﻿<?xml version="1.0" encoding="utf-8"?>
<manifest identifier="Menopause_awareness_LM_2021_3" version="1.0" xmlns="http://www.imsproject.org/xsd/imscp_rootv1p1p2" xmlns:adlcp="http://www.adlnet.org/xsd/adlcp_rootv1p2" xmlns:xsi="http://www.w3.org/2001/XMLSchema-instance" xsi:schemaLocation="http://www.imsproject.org/xsd/imscp_rootv1p1p2 imscp_rootv1p1p2.xsd http://www.imsglobal.org/xsd/imsmd_rootv1p2p1 imsmd_rootv1p2p1.xsd http://www.adlnet.org/xsd/adlcp_rootv1p2 adlcp_rootv1p2.xsd">
	<metadata>
		<schema>ADL SCORM</schema>
		<schemaversion>1.2</schemaversion>
		<lom xmlns="http://www.imsglobal.org/xsd/imsmd_rootv1p2p1" xmlns:xsi="http://www.w3.org/2001/XMLSchema-instance" xsi:schemaLocation="http://www.imsglobal.org/xsd/imsmd_rootv1p2p1 imsmd_rootv1p2p1.xsd">
			<general>
				<title>
					<langstring xml:lang="x-none">Experian - Menopause awareness for line managers</langstring>
				</title>
				<description>
					<langstring xml:lang="x-none">Menopause awareness for line managers</langstring>
				</description>
				<keyword>
				  	<langstring xml:lang="x-none">Menopause</langstring>
        			</keyword>
			</general>
			<lifecycle>
				<version>
					<langstring xml:lang="x-none">1</langstring>
				</version>
				<status>
					<source>
						<langstring xml:lang="x-none">LOMv1.0</langstring>
					</source>
					<value>
						<langstring xml:lang="x-none">Final</langstring>
					</value>
				</status>
			</lifecycle>
			<metametadata>
				<metadatascheme>ADL SCORM 1.2</metadatascheme>
			</metametadata>
			<educational>
				<typicallearningtime>
					<datetime>PT0H0M0S</datetime>
				</typicallearningtime>
			</educational>
			<rights>
				<cost>
					<source>
						<langstring xml:lang="x-none">LOMv1.0</langstring>
					</source>
					<value>
						<langstring xml:lang="x-none">yes</langstring>
					</value>
				</cost>
				<copyrightandotherrestrictions>
					<source>
						<langstring xml:lang="x-none">LOMv1.0</langstring>
					</source>
					<value>
						<langstring xml:lang="x-none">yes</langstring>
					</value>
				</copyrightandotherrestrictions>
			</rights>
		</lom>
	</metadata>
	<organizations default="Experian_-_Menopause_awareness_for_line_managers_ORG">
		<organization identifier="Experian_-_Menopause_awareness_for_line_managers_ORG">
			<title>Experian - Menopause awareness for line managers</title>
			<item identifier="Menopause_awareness_17.03.2022_SCO" isvisible="true" identifierref="_Menopause_awareness_LM_2021_3_RES">
				<title>Menopause awareness 17.03.2022</title>
				<adlcp:masteryscore>80</adlcp:masteryscore>
			</item>
		</organization>
	</organizations>
	<resources>
	    <resource identifier="_Menopause_awareness_LM_2021_3_RES" type="webcontent" href="index_lms.html" adlcp:scormtype="sco">
		<file href="story_content/thumbnail.jpg"/>
<file href="mobile/6nZHLfgKgWQ.png"/>
<file href="mobile/6XCH8yFkWpw.jpg"/>
<file href="mobile/6azylhzRhP4.png"/>
<file href="mobile/6KVxQ89cKYh.png"/>
<file href="mobile/6iNwwhAAeKj.jpg"/>
<file href="mobile/6nRAkhuS9xV.png"/>
<file href="mobile/6YUm3XiU29B.png"/>
<file href="mobile/5zFvA66pnqk.png"/>
<file href="mobile/5WxdLdFP6WL.png"/>
<file href="mobile/6UIgAdy2H8H.png"/>
<file href="mobile/6TVHc5o4YoY.png"/>
<file href="mobile/66tQ3D8SeTW.png"/>
<file href="mobile/60vnD9V7f3v.png"/>
<file href="mobile/6XWQezcHmBt.png"/>
<file href="mobile/6TotSzzUQBz.png"/>
<file href="mobile/64dWgXYMTVk.png"/>
<file href="mobile/5VeHzTC4DQU.png"/>
<file href="mobile/6WO5aAzK3ZL.png"/>
<file href="mobile/5wPF1VJgkQE.png"/>
<file href="mobile/5Wcs28MCs0T.png"/>
<file href="mobile/65HjXxAmul2.png"/>
<file href="mobile/66xSbOIjqic_F8F7FA_P_0_332_314_332.png"/>
<file href="mobile/6Kezg6KsfXe.png"/>
<file href="mobile/6P5ycdJNzxv.png"/>
<file href="mobile/6UZO6qgMCeE.jpg"/>
<file href="mobile/6j2x0y5zEAf.png"/>
<file href="mobile/6SyRFJ2uKAQ.png"/>
<file href="mobile/6dpz3GHg0Dm.png"/>
<file href="story_content/video_5xON8CV4qvm_18_96_698x394.mp4"/>
<file href="story_content/66IPTNN7acn_captions.js"/>
<file href="mobile/poster_66IPTNN7acn_video_5xON8CV4qvm_18_96_698x394.jpg"/>
<file href="mobile/5WKXh27b4MW.png"/>
<file href="mobile/5suV2EnTrq2.png"/>
<file href="mobile/6ktbug1iITl.png"/>
<file href="mobile/6ajKdY9cyHY.png"/>
<file href="mobile/6fWxWB55D4x.png"/>
<file href="mobile/6V3Ac41PmfB.png"/>
<file href="mobile/6lpJWPTHyoV.png"/>
<file href="mobile/6PbtDzmSSmk.png"/>
<file href="mobile/6iHb7lVkNEN.jpg"/>
<file href="mobile/63GrRFQq6UC.png"/>
<file href="mobile/6c7H7XY8XYm.png"/>
<file href="mobile/618m3SC9t3s.png"/>
<file href="mobile/5hwbvJXqqEJ.png"/>
<file href="mobile/67f8d3VzBuG.jpg"/>
<file href="mobile/5y8Yg1aFCjP.jpg"/>
<file href="mobile/5mABxwmdjxr.png"/>
<file href="mobile/6oMLxDOh8m2.png"/>
<file href="mobile/6Nau13itPD8.png"/>
<file href="mobile/6PFAUHLbysf.png"/>
<file href="mobile/65lX3K7BgFY.png"/>
<file href="mobile/65lX3K7BgFY_RCA8A13.png"/>
<file href="mobile/6PFAUHLbysf_RCA8A13.png"/>
<file href="mobile/5qUmZ7ObJiW.png"/>
<file href="mobile/5fa72Cg7q4d.png"/>
<file href="mobile/6lCDzHzdYv0.png"/>
<file href="mobile/6lCDzHzdYv0_RCA8A13.png"/>
<file href="mobile/5fa72Cg7q4d_RCA8A13.png"/>
<file href="mobile/6Tv2EkDwCRL.png"/>
<file href="mobile/6APKRj4xfWW.png"/>
<file href="mobile/5uql5vVLxAr.png"/>
<file href="mobile/6pXpeMTjr4w.png"/>
<file href="mobile/6HjfpY2X8cC.png"/>
<file href="mobile/5v7l91JZPmn.png"/>
<file href="mobile/5nr73pyYFfg.gif"/>
<file href="mobile/61qMEdlRV9x.gif"/>
<file href="mobile/6Kb8sxgsjCj.gif"/>
<file href="meta.xml"/>
<file href="story_content/user.js"/>
<file href="mobile/Shape66IPTNN7acn.png"/>
<file href="mobile/txt__default_6JfIUXNb9EL.png"/>
<file href="html5/data/css/output.min.css"/>
<file href="html5/data/js/5atRWV5vJpy.js"/>
<file href="html5/data/js/5b83tsGgglI.js"/>
<file href="html5/data/js/5cnlWNZf6rw.js"/>
<file href="html5/data/js/5d2IYs1EFA5.js"/>
<file href="html5/data/js/5dn89xz1tOb.js"/>
<file href="html5/data/js/5dzIUNnCBK7.js"/>
<file href="html5/data/js/5ePlovI2QQK.js"/>
<file href="html5/data/js/5fI1ncNQwHh.js"/>
<file href="html5/data/js/5gIMAar3ySY.js"/>
<file href="html5/data/js/5hAUvqrIOz3.js"/>
<file href="html5/data/js/5huRHgBojF4.js"/>
<file href="html5/data/js/5ic3xtDGtJH.js"/>
<file href="html5/data/js/5jXwhT98bhK.js"/>
<file href="html5/data/js/5kCrvmRfbzq.js"/>
<file href="html5/data/js/5ktJpH8AIvM.js"/>
<file href="html5/data/js/5mLUkIZaERU.js"/>
<file href="html5/data/js/5tf5bPPK0eP.js"/>
<file href="html5/data/js/5tkjh7ztUSx.js"/>
<file href="html5/data/js/5uf4DlXV14k.js"/>
<file href="html5/data/js/5uoTJvs9yKR.js"/>
<file href="html5/data/js/5UxHX4t3xPZ.js"/>
<file href="html5/data/js/5vDo9tN6lUf.js"/>
<file href="html5/data/js/5wNAPAIXXOS.js"/>
<file href="html5/data/js/5xYSd954xu9.js"/>
<file href="html5/data/js/5y8JIiodqkb.js"/>
<file href="html5/data/js/5ypMBlLBOvA.js"/>
<file href="html5/data/js/5z64AGhmjHO.js"/>
<file href="html5/data/js/5ZCWQUIFrYm.js"/>
<file href="html5/data/js/5ztAKlkuEPV.js"/>
<file href="html5/data/js/61ae7k3t97P.js"/>
<file href="html5/data/js/61UexbCpX51.js"/>
<file href="html5/data/js/61vhJFoKbHi.js"/>
<file href="html5/data/js/62UUBtiXUmr.js"/>
<file href="html5/data/js/62WTmRAvu4f.js"/>
<file href="html5/data/js/68Htj30c2SV.js"/>
<file href="html5/data/js/69ag1ELX4Tr.js"/>
<file href="html5/data/js/6bBYGmxQRVv.js"/>
<file href="html5/data/js/6bnieXwmycZ.js"/>
<file href="html5/data/js/6C2eQJ1Ko6i.js"/>
<file href="html5/data/js/6FNEAP2c6T5.js"/>
<file href="html5/data/js/6FSiG0XNsrv.js"/>
<file href="html5/data/js/6gdR0btCzHS.js"/>
<file href="html5/data/js/6H6JQ6Kt3s9.js"/>
<file href="html5/data/js/6Iv8sPUQam5.js"/>
<file href="html5/data/js/6JLmtbrBsBh.js"/>
<file href="html5/data/js/6LN7ErBIIJ2.js"/>
<file href="html5/data/js/6lsQxxLsoUc.js"/>
<file href="html5/data/js/6m2Ii3n7x99.js"/>
<file href="html5/data/js/6m6RodVwbPS.js"/>
<file href="html5/data/js/6pY67qrcRxn.js"/>
<file href="html5/data/js/6qEJjfZR778.js"/>
<file href="html5/data/js/6QOMdc4nJ1P.js"/>
<file href="html5/data/js/6rGzFK8nnJI.js"/>
<file href="html5/data/js/6S7TG1W7mTC.js"/>
<file href="html5/data/js/6SaJDkUMlup.js"/>
<file href="html5/data/js/6TOVCYakh0t.js"/>
<file href="html5/data/js/6TRSOD7AYjr.js"/>
<file href="html5/data/js/6W8E5z2axdR.js"/>
<file href="html5/data/js/6XbalnRGuk0.js"/>
<file href="html5/data/js/6Z1iq6pa29v.js"/>
<file href="html5/data/js/6ZEbOFKyoSp.js"/>
<file href="html5/data/js/data.js"/>
<file href="html5/data/js/frame.js"/>
<file href="html5/data/js/paths.js"/>
<file href="html5/lib/hls/hls.min.js"/>
<file href="html5/lib/scripts/bootstrapper.min.js"/>
<file href="html5/lib/scripts/frame.desktop.min.js"/>
<file href="html5/lib/scripts/frame.mobile.min.js"/>
<file href="html5/lib/scripts/slides.min.js"/>
<file href="html5/lib/stylesheets/desktop.min.css"/>
<file href="html5/lib/stylesheets/mobile.min.css"/>
<file href="html5/lib/stylesheets/mobile-fonts/open-sans-bold.woff"/>
<file href="html5/lib/stylesheets/mobile-fonts/open-sans-light.woff"/>
<file href="html5/lib/stylesheets/mobile-fonts/open-sans-regular.woff"/>
<file href="analytics-frame.html"/>
<file href="story.html"/>
<file href="index_lms.html"/>
<file href="lms/AICCComm.html"/>
<file href="lms/blank.html"/>
<file href="lms/browsersniff.js"/>
<file href="lms/goodbye.html"/>
<file href="lms/scormdriver.js"/>
	    </resource>
	</resources>
</manifest>
