﻿<?xml version="1.0" encoding="utf-8"?><meta xmlns:xsi="http://www.w3.org/2001/XMLSchema-instance" xmlns:xsd="http://www.w3.org/2001/XMLSchema"><project id="5bmd5e52nqR" courseid="Menopause_awareness_LM_2021_3" thumburl="story_content/thumbnail.jpg" title="Experian - Menopause awareness for line managers" datepublished="2023-03-23T17:01:50" version="1.0.0.0" flashdata="story_content/data.swf" html5data="mobile/data.json" mobiledata="mobile/data.gz" enabledownload="false" duration="About 26 minutes" totalaudio="0" totalvideo="339818"><description>Menopause awareness for line managers</description><keywords>Menopause</keywords><slidemeta moniker="slide" monikerplural="slides" viewslides="61" slidecountdescription="61 slides" /><author name="Ieva Novitus" email="" website="" /><application name="Articulate Storyline" version="3.73.30119.0" xmlversion="4.0" /></project></meta>