﻿<?xml version="1.0" encoding="utf-8"?>
<manifest identifier="Menopause_awareness_C_2022_2" version="1.0" xmlns="http://www.imsproject.org/xsd/imscp_rootv1p1p2" xmlns:adlcp="http://www.adlnet.org/xsd/adlcp_rootv1p2" xmlns:xsi="http://www.w3.org/2001/XMLSchema-instance" xsi:schemaLocation="http://www.imsproject.org/xsd/imscp_rootv1p1p2 imscp_rootv1p1p2.xsd http://www.imsglobal.org/xsd/imsmd_rootv1p2p1 imsmd_rootv1p2p1.xsd http://www.adlnet.org/xsd/adlcp_rootv1p2 adlcp_rootv1p2.xsd">
	<metadata>
		<schema>ADL SCORM</schema>
		<schemaversion>1.2</schemaversion>
		<lom xmlns="http://www.imsglobal.org/xsd/imsmd_rootv1p2p1" xmlns:xsi="http://www.w3.org/2001/XMLSchema-instance" xsi:schemaLocation="http://www.imsglobal.org/xsd/imsmd_rootv1p2p1 imsmd_rootv1p2p1.xsd">
			<general>
				<title>
					<langstring xml:lang="x-none">Experian - Menopause awareness for colleagues</langstring>
				</title>
				<description>
					<langstring xml:lang="x-none">Menopause awareness</langstring>
				</description>
				<keyword>
				  	<langstring xml:lang="x-none">Menopause</langstring>
        			</keyword>
			</general>
			<lifecycle>
				<version>
					<langstring xml:lang="x-none">1</langstring>
				</version>
				<status>
					<source>
						<langstring xml:lang="x-none">LOMv1.0</langstring>
					</source>
					<value>
						<langstring xml:lang="x-none">Final</langstring>
					</value>
				</status>
			</lifecycle>
			<metametadata>
				<metadatascheme>ADL SCORM 1.2</metadatascheme>
			</metametadata>
			<educational>
				<typicallearningtime>
					<datetime>PT0H0M0S</datetime>
				</typicallearningtime>
			</educational>
			<rights>
				<cost>
					<source>
						<langstring xml:lang="x-none">LOMv1.0</langstring>
					</source>
					<value>
						<langstring xml:lang="x-none">yes</langstring>
					</value>
				</cost>
				<copyrightandotherrestrictions>
					<source>
						<langstring xml:lang="x-none">LOMv1.0</langstring>
					</source>
					<value>
						<langstring xml:lang="x-none">yes</langstring>
					</value>
				</copyrightandotherrestrictions>
			</rights>
		</lom>
	</metadata>
	<organizations default="Experian_-_Menopause_awareness_for_colleagues_ORG">
		<organization identifier="Experian_-_Menopause_awareness_for_colleagues_ORG">
			<title>Experian - Menopause awareness for colleagues</title>
			<item identifier="Menopause_awareness_17.03.2022_SCO" isvisible="true" identifierref="_Menopause_awareness_C_2022_2_RES">
				<title>Menopause awareness Colleague</title>
				<adlcp:masteryscore>80</adlcp:masteryscore>
			</item>
		</organization>
	</organizations>
	<resources>
	    <resource identifier="_Menopause_awareness_C_2022_2_RES" type="webcontent" href="index_lms.html" adlcp:scormtype="sco">
		<file href="story_content/thumbnail.jpg"/>
<file href="mobile/6DyA2hpzQWI.png"/>
<file href="mobile/5mABxwmdjxr.png"/>
<file href="mobile/6oMLxDOh8m2.png"/>
<file href="mobile/6VxVC15h0uP.png"/>
<file href="mobile/6APKRj4xfWW.png"/>
<file href="mobile/5uql5vVLxAr.png"/>
<file href="mobile/65HjXxAmul2.png"/>
<file href="mobile/6Nau13itPD8.png"/>
<file href="mobile/6PFAUHLbysf.png"/>
<file href="mobile/65lX3K7BgFY.png"/>
<file href="mobile/65lX3K7BgFY_RCA8A13.png"/>
<file href="mobile/6PFAUHLbysf_RCA8A13.png"/>
<file href="mobile/5qUmZ7ObJiW.png"/>
<file href="mobile/5fa72Cg7q4d.png"/>
<file href="mobile/6lCDzHzdYv0.png"/>
<file href="mobile/6lCDzHzdYv0_RCA8A13.png"/>
<file href="mobile/5fa72Cg7q4d_RCA8A13.png"/>
<file href="mobile/6XkD6fsZZBA.png"/>
<file href="mobile/6U1cjQRzUmZ.jpg"/>
<file href="mobile/5Wcs28MCs0T.png"/>
<file href="mobile/6azylhzRhP4.png"/>
<file href="mobile/6j2x0y5zEAf.png"/>
<file href="mobile/6SyRFJ2uKAQ.png"/>
<file href="mobile/6Kezg6KsfXe.png"/>
<file href="mobile/6P5ycdJNzxv.png"/>
<file href="mobile/6TgVGj5yoLb.png"/>
<file href="mobile/5rTVqDo38Df.png"/>
<file href="mobile/6d4b2xuxcgY.png"/>
<file href="mobile/5eTu1cUqvSK.png"/>
<file href="mobile/6Yht6wLL169.png"/>
<file href="mobile/6WO5aAzK3ZL.png"/>
<file href="mobile/5wPF1VJgkQE.png"/>
<file href="mobile/6KVxQ89cKYh.png"/>
<file href="story_content/video_6QqCDcYepFg_18_96_698x394.mp4"/>
<file href="story_content/6936WZxkceP_captions.js"/>
<file href="mobile/poster_6936WZxkceP_video_6QqCDcYepFg_18_96_698x394.jpg"/>
<file href="mobile/5WKXh27b4MW.png"/>
<file href="mobile/6ktbug1iITl.png"/>
<file href="mobile/6ajKdY9cyHY.png"/>
<file href="mobile/6fWxWB55D4x.png"/>
<file href="mobile/6V3Ac41PmfB.png"/>
<file href="mobile/6lpJWPTHyoV.png"/>
<file href="mobile/6PbtDzmSSmk.png"/>
<file href="mobile/6iHb7lVkNEN.jpg"/>
<file href="mobile/63GrRFQq6UC.png"/>
<file href="mobile/6c7H7XY8XYm.png"/>
<file href="mobile/618m3SC9t3s.png"/>
<file href="mobile/5suV2EnTrq2.png"/>
<file href="mobile/5wcLqUtZdze.png"/>
<file href="mobile/6dpz3GHg0Dm.png"/>
<file href="mobile/5hwbvJXqqEJ.png"/>
<file href="mobile/6hz4igOUW7m_P_0_0_693_959.png"/>
<file href="mobile/5ogynx446rO.png"/>
<file href="meta.xml"/>
<file href="story_content/user.js"/>
<file href="mobile/txt__default_66i2pUY87RI.png"/>
<file href="mobile/Shape6936WZxkceP.png"/>
<file href="html5/data/css/output.min.css"/>
<file href="html5/data/js/5dUW0IQjH8n.js"/>
<file href="html5/data/js/5fNF9Ux9Zi5.js"/>
<file href="html5/data/js/5gejcDzmDZn.js"/>
<file href="html5/data/js/5jn1QCH3ePd.js"/>
<file href="html5/data/js/5k19Yfpjgfc.js"/>
<file href="html5/data/js/5l6C4EaqpaV.js"/>
<file href="html5/data/js/5n16IJVBEN3.js"/>
<file href="html5/data/js/5pWuMWdIwBT.js"/>
<file href="html5/data/js/5roOEOFkSdq.js"/>
<file href="html5/data/js/5u82VktD3oO.js"/>
<file href="html5/data/js/5VNaBTellE2.js"/>
<file href="html5/data/js/5wNAPAIXXOS.js"/>
<file href="html5/data/js/5X7vKBzwuoK.js"/>
<file href="html5/data/js/5XYcXtLCHfG.js"/>
<file href="html5/data/js/5y7WFJ3pcdf.js"/>
<file href="html5/data/js/5ykowoJiBC7.js"/>
<file href="html5/data/js/5YPYUPa12w8.js"/>
<file href="html5/data/js/5ZexS5HRS07.js"/>
<file href="html5/data/js/60l8zxcBgsC.js"/>
<file href="html5/data/js/61TKNHVPiOA.js"/>
<file href="html5/data/js/633Ug6zGyWU.js"/>
<file href="html5/data/js/638uOp1k4HQ.js"/>
<file href="html5/data/js/63ehVLHP4CV.js"/>
<file href="html5/data/js/65D3AVJNbMR.js"/>
<file href="html5/data/js/67er3CdsHVg.js"/>
<file href="html5/data/js/67yVnhkIkEb.js"/>
<file href="html5/data/js/685htOGcX8K.js"/>
<file href="html5/data/js/69ag1ELX4Tr.js"/>
<file href="html5/data/js/6AGPhTTxZQm.js"/>
<file href="html5/data/js/6c9k1jLBf76.js"/>
<file href="html5/data/js/6DsHlbOR7nP.js"/>
<file href="html5/data/js/6fd5cDhiDDF.js"/>
<file href="html5/data/js/6fo3SVFFPuv.js"/>
<file href="html5/data/js/6GD1Ii8vMJd.js"/>
<file href="html5/data/js/6hP3WOTn2Zq.js"/>
<file href="html5/data/js/6IPBjrw0h9O.js"/>
<file href="html5/data/js/6iUHuWYqEYn.js"/>
<file href="html5/data/js/6JEyRLpu8y4.js"/>
<file href="html5/data/js/6JLmtbrBsBh.js"/>
<file href="html5/data/js/6NbdjIdndhK.js"/>
<file href="html5/data/js/6o6mUwXUkf9.js"/>
<file href="html5/data/js/6od4OZh07qg.js"/>
<file href="html5/data/js/6oD6dETWYwP.js"/>
<file href="html5/data/js/6PC2Vjol3Cr.js"/>
<file href="html5/data/js/6PNm2b0PnRc.js"/>
<file href="html5/data/js/6rMi69ZThup.js"/>
<file href="html5/data/js/6S7TG1W7mTC.js"/>
<file href="html5/data/js/6TNzRg9ctdv.js"/>
<file href="html5/data/js/6TXgKAMKRSR.js"/>
<file href="html5/data/js/6XptMrFBXZo.js"/>
<file href="html5/data/js/6ZyngN49qNl.js"/>
<file href="html5/data/js/data.js"/>
<file href="html5/data/js/frame.js"/>
<file href="html5/data/js/paths.js"/>
<file href="html5/lib/hls/hls.min.js"/>
<file href="html5/lib/scripts/bootstrapper.min.js"/>
<file href="html5/lib/scripts/frame.desktop.min.js"/>
<file href="html5/lib/scripts/frame.mobile.min.js"/>
<file href="html5/lib/scripts/slides.min.js"/>
<file href="html5/lib/stylesheets/desktop.min.css"/>
<file href="html5/lib/stylesheets/mobile.min.css"/>
<file href="html5/lib/stylesheets/mobile-fonts/open-sans-bold.woff"/>
<file href="html5/lib/stylesheets/mobile-fonts/open-sans-light.woff"/>
<file href="html5/lib/stylesheets/mobile-fonts/open-sans-regular.woff"/>
<file href="analytics-frame.html"/>
<file href="story.html"/>
<file href="index_lms.html"/>
<file href="lms/AICCComm.html"/>
<file href="lms/blank.html"/>
<file href="lms/browsersniff.js"/>
<file href="lms/goodbye.html"/>
<file href="lms/scormdriver.js"/>
	    </resource>
	</resources>
</manifest>
