﻿<?xml version="1.0" encoding="utf-8"?><meta xmlns:xsi="http://www.w3.org/2001/XMLSchema-instance" xmlns:xsd="http://www.w3.org/2001/XMLSchema"><project id="6OgZLN7VccS" courseid="Menopause_awareness_C_2022_2" thumburl="story_content/thumbnail.jpg" title="Experian - Menopause awareness for colleagues" datepublished="2023-03-23T17:34:31" version="1.0.0.0" flashdata="story_content/data.swf" html5data="mobile/data.json" mobiledata="mobile/data.gz" enabledownload="false" duration="About 29 minutes" totalaudio="0" totalvideo="338090"><description>Menopause awareness</description><keywords>Menopause</keywords><slidemeta moniker="slide" monikerplural="slides" viewslides="51" slidecountdescription="51 slides" /><author name="Ieva Novitus" email="" website="" /><application name="Articulate Storyline" version="3.73.30119.0" xmlversion="4.0" /></project></meta>