<?xml version="1.0" encoding="utf-8"?>
<clrScheme xmlns:xsi="http://www.w3.org/2001/XMLSchema-instance" xmlns:xsd="http://www.w3.org/2001/XMLSchema" name="Experian Colour Palette">
	<dk1>#FFFFFF</dk1>
	<lt1>#FFFFFF</lt1>
	<dk2>#FFFFFF</dk2>
	<lt2>#FFFFFF</lt2>
	<accentl>#1D4F91</accentl>
	<accent2>#426DA9</accent2>
	<accent3>#6D2077</accent3>
	<accent4>#AF1685</accent4>
	<accent5>#E63888</accent5>
	<accent6>#63666A</accent6>
	<hlink>#0000FF</hlink>
	<folHlink>#800080</folHlink>
	<control1>#1D4F91</control1>
	<custom1>#426DA9</custom1>
	<custom2>#6D2077</custom2>
	<correct>#AF1685</correct>
	<incorrect>#AF1685</incorrect>
</clrScheme>