<?xml version="1.0" standalone="no" ?>
<manifest identifier="n5ORpZvVanIe2iNaaGD_sGCf8BU0l1wiaZeX5zdq" version="1.3"
  xmlns="http://www.imsglobal.org/xsd/imscp_v1p1"
  xmlns:xsi="http://www.w3.org/2001/XMLSchema-instance"
  xmlns:adlcp="http://www.adlnet.org/xsd/adlcp_v1p3"
  xmlns:adlseq="http://www.adlnet.org/xsd/adlseq_v1p3"
  xmlns:adlnav="http://www.adlnet.org/xsd/adlnav_v1p3"
  xmlns:imsss="http://www.imsglobal.org/xsd/imsss"
  xsi:schemaLocation="http://www.imsglobal.org/xsd/imscp_v1p1 imscp_v1p1.xsd
                      http://www.adlnet.org/xsd/adlcp_v1p3 adlcp_v1p3.xsd
                      http://www.adlnet.org/xsd/adlseq_v1p3 adlseq_v1p3.xsd
                      http://www.adlnet.org/xsd/adlnav_v1p3 adlnav_v1p3.xsd
                      http://www.imsglobal.org/xsd/imsss imsss_v1p0.xsd">
  <metadata>
    <schema>ADL SCORM</schema>
    <schemaversion>2004 4th Edition</schemaversion>
    <adlcp:location>metadata.xml</adlcp:location>
  </metadata>
  <organizations default="B0">
    <organization identifier="B0" adlseq:objectivesGlobalToSystem="false">
      <title>Inclusive Recruitment at Experian</title>
      <item identifier="i1" identifierref="r1" isvisible="true">
        <title>Inclusive Recruitment at Experian</title>
        <adlcp:dataFromLMS>eyJjcHYiOiJhWmVYNXpkcSIsInJsZCI6ZmFsc2V9</adlcp:dataFromLMS>
        <imsss:sequencing>
          <imsss:deliveryControls tracked="true" completionSetByContent="true" objectiveSetByContent="true"/>
        </imsss:sequencing>
      </item>
      <metadata>
        <adlcp:location>metadata.xml</adlcp:location>
      </metadata>
      <imsss:sequencing>
        <imsss:controlMode choice="true" flow="true"/>
        <imsss:deliveryControls tracked="true" completionSetByContent="false" objectiveSetByContent="false"/>
      </imsss:sequencing>
    </organization>
  </organizations>
  <resources>
    <resource identifier="r1" type="webcontent" adlcp:scormType="sco" href="scormdriver/indexAPI.html">
      <!-- SCORMDRIVER STUFF -->
      <file href="scormdriver/indexAPI.html" />
      <file href="scormdriver/preloadIntegrity.js" />
      <file href="scormdriver/driverOptions.js" />
      <file href="scormdriver/AICCComm.html" />
      <file href="scormdriver/auto-scripts/AutoBookmark.js" />
      <file href="scormdriver/auto-scripts/AutoCompleteSCO.js" />
      <file href="scormdriver/auto-scripts/CourseExit.js" />
      <file href="scormdriver/blank.html" />
      <file href="scormdriver/goodbye.html" />
      <file href="scormdriver/scormdriver.js" />
      <file href="scormdriver/browsersniff.js" />
      <file href="scormcontent/lib/main.bundle.js"/>

      <!-- RUNTIME COMMON STUFF -->
      <file href="scormcontent/index.html" />

      
        <file href="scormcontent/lib/fonts/icomoon.ttf"/>
        <file href="scormcontent/lib/fonts/icomoon.woff"/>

        <file href="scormcontent/lib/icomoon.css"/>
        <file href="scormcontent/lib/main.bundle.css"/>
        <file href="scormcontent/lib/player-0.0.11.min.js"/>
        <file href="scormcontent/lib/lzwcompress.js"/>
      

      <!-- RUNTIME CONTENT STUFF -->
      <file href="scormcontent/lib/fonts/Lato-Light.woff" />
<file href="scormcontent/lib/fonts/Lato-Regular.woff" />
<file href="scormcontent/lib/fonts/Lato-Bold.woff" />
<file href="scormcontent/lib/fonts/Lato-Italic.woff" />
<file href="scormcontent/lib/fonts/Lato-Black.woff" />
<file href="scormcontent/lib/fonts/Merriweather-Light.woff" />
<file href="scormcontent/lib/fonts/Merriweather-Regular.woff" />
<file href="scormcontent/lib/fonts/Merriweather-Bold.woff" />
<file href="scormcontent/lib/fonts/Merriweather-Italic.woff" />
<file href="scormcontent/lib/fonts/Merriweather-Black.woff" />
<file href="scormcontent/assets/IkC1Fmd9PB25Qj2i_small.png" />
<file href="scormcontent/assets/8kPotok1OJLX2QWQ_WaQX4SjYmGFWrlnZ.jpg" />
<file href="scormcontent/assets/3INXbEOWcnvrInX7_T-ROCCVGbZmFmfT8-Circle%20of%20Trust%20worksheet%20IR.pdf" />
<file href="scormcontent/assets/VcRt-KyLUevyAEQW_oi_8pjCg6YpoPJvW.jpg" />
<file href="scormcontent/assets/GSmhxhu0lOKHEosN_K2gSEABCFYpguJo3.jpg" />
<file href="scormcontent/assets/n7K3EZVwljISOa5R_lF5KkcfnbiIj6Fdr.jpg" />
<file href="scormcontent/assets/XlFVdPAS9UrJhLY8_FE0cuSk70Y_I16jx.jpg" />
<file href="scormcontent/assets/MNLlfjjfC53eGB5f_reX8hyTfgERZvVfi-stock-image.jpg" />
<file href="scormcontent/assets/E4gL32hTxmv_HnV5_7uDysQ0RHJZDSgQ9-Inclusive%20Recruitment%20Checklist%20MIX.pdf" />
<file href="scormcontent/assets/yk-XOc3y8BLCcauw_XTqMJsYDlGBlE5vz.jpg" />

    </resource>
  </resources>
</manifest>
